"编号","开始答题时间","结束答题时间","答题时长","地理位置国家和地区","地理位置省","地理位置市","自定义字段","1.男同志奥运梦中情人评选（随机排序，每人最多选5人）:汪顺","1.男同志奥运梦中情人评选（随机排序，每人最多选5人）:陈艾森","1.男同志奥运梦中情人评选（随机排序，每人最多选5人）:樊振东","1.男同志奥运梦中情人评选（随机排序，每人最多选5人）:Tom Daley","1.男同志奥运梦中情人评选（随机排序，每人最多选5人）:苏炳添","1.男同志奥运梦中情人评选（随机排序，每人最多选5人）:马龙","1.男同志奥运梦中情人评选（随机排序，每人最多选5人）:郑思维","1.男同志奥运梦中情人评选（随机排序，每人最多选5人）:杨健","1.男同志奥运梦中情人评选（随机排序，每人最多选5人）:吕小军","1.男同志奥运梦中情人评选（随机排序，每人最多选5人）:刘浩 /郑鹏飞","1.男同志奥运梦中情人评选（随机排序，每人最多选5人）:安昌林","1.男同志奥运梦中情人评选（随机排序，每人最多选5人）:谢震业","1.男同志奥运梦中情人评选（随机排序，每人最多选5人）:刘洋","1.男同志奥运梦中情人评选（随机排序，每人最多选5人）:徐嘉余","1.男同志奥运梦中情人评选（随机排序，每人最多选5人）:杨皓然","1.男同志奥运梦中情人评选（随机排序，每人最多选5人）:Micah Christenson","1.男同志奥运梦中情人评选（随机排序，每人最多选5人）:邓志伟","1.男同志奥运梦中情人评选（随机排序，每人最多选5人）:盛李豪","2.您的角色认同是","3.您是否认同自己是“熊”族",
"397","22-Aug-2021 11:41:31","22-Aug-2021 11:42:57","86","加拿大","位置未知","","","","B.陈艾森","","","","","","H.杨健","I.吕小军","J.刘浩 /郑鹏飞","K.安昌林","","","","","","","","D.Vers Bottom","B.不是",
"396","21-Aug-2021 09:15:27","21-Aug-2021 09:15:42","15","中国","广东省","汕头市","","","","","","","F.马龙","","","","","","","","","","","","","F.我不认同角色划分","B.不是",
"395","18-Aug-2021 13:03:20","18-Aug-2021 13:05:13","113","马来西亚","位置未知","","","","","","D.Tom Daley","","","","","I.吕小军","","K.安昌林","","M.刘洋","","","","Q.邓志伟","","B.Vers Top","B.不是",
"394","18-Aug-2021 11:46:07","18-Aug-2021 11:46:50","43","马来西亚","位置未知","","","A.汪顺","","","D.Tom Daley","","F.马龙","","","","","","","","","","","","","A.Top","B.不是",
"393","18-Aug-2021 10:31:04","18-Aug-2021 10:31:46","42","马来西亚","位置未知","","","","","C.樊振东","","E.苏炳添","","G.郑思维","","","J.刘浩 /郑鹏飞","","","","","","P.Micah Christenson","","","E.Bottom","B.不是",
"392","18-Aug-2021 08:53:25","18-Aug-2021 08:53:55","30","马来西亚","位置未知","","","","","","","","","G.郑思维","","","J.刘浩 /郑鹏飞","","","M.刘洋","N.徐嘉余","","P.Micah Christenson","","","E.Bottom","A.是",
"391","18-Aug-2021 07:11:35","18-Aug-2021 07:13:15","100","中国","香港","","","","","","D.Tom Daley","","","","","I.吕小军","J.刘浩 /郑鹏飞","","","","","","","","","F.我不认同角色划分","B.不是",
"390","18-Aug-2021 07:06:12","18-Aug-2021 07:07:12","60","新加坡","位置未知","","","A.汪顺","B.陈艾森","","D.Tom Daley","","F.马龙","G.郑思维","","","","","","","","","","","","B.Vers Top","B.不是",
"389","18-Aug-2021 02:15:02","18-Aug-2021 02:15:31","29","马来西亚","位置未知","","","","","","D.Tom Daley","","","","","","J.刘浩 /郑鹏飞","","","","","","","","","C.Vers","B.不是",
"388","18-Aug-2021 01:20:16","18-Aug-2021 01:20:49","33","中国","台湾","","","","","","","","","","","","","K.安昌林","","","","","","","","A.Top","B.不是",
"387","17-Aug-2021 22:51:27","17-Aug-2021 22:52:07","40","马来西亚","位置未知","","","A.汪顺","","","D.Tom Daley","","","","","","J.刘浩 /郑鹏飞","K.安昌林","","","N.徐嘉余","","","","","D.Vers Bottom","B.不是",
"386","17-Aug-2021 18:40:40","17-Aug-2021 18:41:04","24","马来西亚","位置未知","","","A.汪顺","","","D.Tom Daley","","F.马龙","","","","","","","","N.徐嘉余","","","","","D.Vers Bottom","B.不是",
"385","17-Aug-2021 18:05:16","17-Aug-2021 18:05:30","14","中国","台湾","","","","","","","","","","","","","K.安昌林","","","","","","","","C.Vers","B.不是",
"384","17-Aug-2021 15:24:01","17-Aug-2021 15:26:46","165","新加坡","位置未知","","","","","","","","F.马龙","G.郑思维","","","J.刘浩 /郑鹏飞","","","M.刘洋","N.徐嘉余","","","","","F.我不认同角色划分","A.是",
"383","17-Aug-2021 12:46:50","17-Aug-2021 12:47:12","22","马来西亚","位置未知","","","","","","D.Tom Daley","","F.马龙","","","","J.刘浩 /郑鹏飞","","","M.刘洋","","","","","","F.我不认同角色划分","B.不是",
"382","17-Aug-2021 12:36:49","17-Aug-2021 12:37:29","40","马来西亚","位置未知","","","","","","","","","","","","J.刘浩 /郑鹏飞","K.安昌林","","","","","P.Micah Christenson","","","F.我不认同角色划分","A.是",
"381","17-Aug-2021 09:57:08","17-Aug-2021 09:58:19","71","马来西亚","位置未知","","","","","","D.Tom Daley","","","","","","","K.安昌林","","","","","","","","B.Vers Top","B.不是",
"380","17-Aug-2021 09:43:32","17-Aug-2021 09:44:04","32","马来西亚","位置未知","","","","","","","","","","H.杨健","I.吕小军","J.刘浩 /郑鹏飞","K.安昌林","","","","","","Q.邓志伟","","C.Vers","B.不是",
"379","17-Aug-2021 09:10:17","17-Aug-2021 09:10:34","17","马来西亚","位置未知","","","","","C.樊振东","","","","","","","","","","","","","","","","A.Top","B.不是",
"378","16-Aug-2021 19:55:18","16-Aug-2021 19:56:12","54","马来西亚","位置未知","","","A.汪顺","B.陈艾森","","","","","","H.杨健","","J.刘浩 /郑鹏飞","K.安昌林","","","","","","","","A.Top","B.不是",
"377","16-Aug-2021 17:36:00","16-Aug-2021 17:38:11","131","澳大利亚","位置未知","","","","","","","","","","","","","K.安昌林","","","","","","","","C.Vers","A.是",
"376","16-Aug-2021 17:11:59","16-Aug-2021 17:12:19","20","中国","台湾","","","","","","","","F.马龙","","H.杨健","","","","","","","","","","R.盛李豪","B.Vers Top","B.不是",
"375","16-Aug-2021 15:56:42","16-Aug-2021 15:57:03","21","中国","台湾","","","","B.陈艾森","","","","","G.郑思维","","","","K.安昌林","","","","","","","","C.Vers","B.不是",
"374","16-Aug-2021 12:06:52","16-Aug-2021 12:07:26","34","马来西亚","位置未知","","","","","","","","","G.郑思维","H.杨健","","J.刘浩 /郑鹏飞","","","M.刘洋","","O.杨皓然","","","","F.我不认同角色划分","B.不是",
"373","16-Aug-2021 11:02:48","16-Aug-2021 11:03:18","30","马来西亚","位置未知","","","A.汪顺","","","","","","G.郑思维","","","J.刘浩 /郑鹏飞","","","M.刘洋","","","","","","E.Bottom","B.不是",
"372","16-Aug-2021 10:56:35","16-Aug-2021 10:56:50","15","美国","位置未知","","","","","","","","","","","","","K.安昌林","","","","","","","","E.Bottom","B.不是",
"371","16-Aug-2021 10:13:17","16-Aug-2021 10:13:46","29","马来西亚","位置未知","","","","","","D.Tom Daley","","","","","","","","","","","","","","","C.Vers","B.不是",
"370","16-Aug-2021 10:05:53","16-Aug-2021 10:12:24","391","马来西亚","位置未知","","","","B.陈艾森","","","","","G.郑思维","H.杨健","","J.刘浩 /郑鹏飞","","","","N.徐嘉余","","","","","E.Bottom","B.不是",
"369","16-Aug-2021 10:05:08","16-Aug-2021 10:05:48","40","马来西亚","位置未知","","","A.汪顺","","","","","","G.郑思维","","","J.刘浩 /郑鹏飞","","","","","","","","","E.Bottom","B.不是",
"368","16-Aug-2021 09:56:53","16-Aug-2021 09:57:54","61","马来西亚","位置未知","","","A.汪顺","","","D.Tom Daley","","F.马龙","","","","","K.安昌林","","","","O.杨皓然","","","","D.Vers Bottom","A.是",
"367","16-Aug-2021 09:47:47","16-Aug-2021 09:49:26","99","马来西亚","位置未知","","","","B.陈艾森","","D.Tom Daley","","","","H.杨健","I.吕小军","","","","M.刘洋","","","","","","D.Vers Bottom","B.不是",
"366","16-Aug-2021 09:34:27","16-Aug-2021 09:34:51","24","马来西亚","位置未知","","","","","","","E.苏炳添","","","","","","","","","","","","","","A.Top","B.不是",
"365","16-Aug-2021 08:56:36","16-Aug-2021 08:57:12","36","马来西亚","位置未知","","","","B.陈艾森","","","","","","H.杨健","","","","","","","","","","","E.Bottom","B.不是",
"364","16-Aug-2021 06:34:54","16-Aug-2021 06:35:37","43","马来西亚","位置未知","","","A.汪顺","B.陈艾森","","","","F.马龙","","","","J.刘浩 /郑鹏飞","","L.谢震业","","","","","","","E.Bottom","B.不是",
"363","16-Aug-2021 06:01:28","16-Aug-2021 06:02:02","34","马来西亚","位置未知","","","A.汪顺","","","","","","G.郑思维","H.杨健","","J.刘浩 /郑鹏飞","","L.谢震业","","","","","","","C.Vers","B.不是",
"362","16-Aug-2021 03:03:19","16-Aug-2021 03:03:57","38","中国","台湾","","","","","","D.Tom Daley","","","","H.杨健","","","K.安昌林","","","","","P.Micah Christenson","","","D.Vers Bottom","A.是",
"361","15-Aug-2021 22:18:19","15-Aug-2021 22:18:53","34","马来西亚","位置未知","","","A.汪顺","","C.樊振东","","E.苏炳添","F.马龙","","","","J.刘浩 /郑鹏飞","","","","","","","","","E.Bottom","A.是",
"360","15-Aug-2021 20:02:23","15-Aug-2021 20:03:16","53","马来西亚","位置未知","","","","","","","E.苏炳添","","","H.杨健","I.吕小军","","","","M.刘洋","","","","","","B.Vers Top","B.不是",
"359","15-Aug-2021 19:52:03","15-Aug-2021 19:52:14","11","马来西亚","位置未知","","","","","","","","","","","","J.刘浩 /郑鹏飞","","","","","","","","","B.Vers Top","B.不是",
"358","15-Aug-2021 17:40:35","15-Aug-2021 17:41:29","54","马来西亚","位置未知","","","","","","D.Tom Daley","","F.马龙","","","","J.刘浩 /郑鹏飞","","L.谢震业","","","","P.Micah Christenson","","","C.Vers","B.不是",
"357","15-Aug-2021 17:40:25","15-Aug-2021 17:40:58","33","马来西亚","位置未知","","","A.汪顺","B.陈艾森","","D.Tom Daley","","F.马龙","","H.杨健","","","","","","","","","","","E.Bottom","B.不是",
"356","15-Aug-2021 15:49:59","15-Aug-2021 15:50:38","39","美国","位置未知","","","A.汪顺","B.陈艾森","","D.Tom Daley","","","","","I.吕小军","","","","","","","","","","C.Vers","B.不是",
"355","15-Aug-2021 15:42:19","15-Aug-2021 15:43:06","47","中国","台湾","","","","","","","E.苏炳添","","","","","J.刘浩 /郑鹏飞","","","","","","","","","E.Bottom","B.不是",
"354","15-Aug-2021 13:36:30","15-Aug-2021 13:37:04","34","马来西亚","位置未知","","","","B.陈艾森","","","","","","","","","","","","","","","","","C.Vers","B.不是",
"353","15-Aug-2021 12:44:07","15-Aug-2021 12:44:33","26","中国","广东省","广州市","","","B.陈艾森","","","","","","","","","","","","","","","","","E.Bottom","B.不是",
"352","15-Aug-2021 12:11:58","15-Aug-2021 12:12:42","44","马来西亚","位置未知","","","","","","D.Tom Daley","","","G.郑思维","","","","","","","","O.杨皓然","P.Micah Christenson","","R.盛李豪","A.Top","B.不是",
"351","15-Aug-2021 11:56:15","15-Aug-2021 11:57:09","54","中国","台湾","","","","","","D.Tom Daley","","","","","","J.刘浩 /郑鹏飞","K.安昌林","","","","","","","","D.Vers Bottom","B.不是",
"350","15-Aug-2021 10:33:04","15-Aug-2021 10:33:45","41","马来西亚","位置未知","","","A.汪顺","B.陈艾森","","","","F.马龙","G.郑思维","","","","K.安昌林","","","","","","","","D.Vers Bottom","B.不是",
"349","15-Aug-2021 10:25:40","15-Aug-2021 10:25:59","19","中国","浙江省","杭州市","","","","","","","","G.郑思维","","I.吕小军","J.刘浩 /郑鹏飞","K.安昌林","","","","","","","","D.Vers Bottom","B.不是",
"348","15-Aug-2021 10:22:10","15-Aug-2021 10:22:56","46","美国","位置未知","","","A.汪顺","B.陈艾森","","","","","","H.杨健","","","","L.谢震业","","N.徐嘉余","","","","","D.Vers Bottom","B.不是",
"347","15-Aug-2021 09:58:17","15-Aug-2021 09:59:24","67","美国","位置未知","","","","B.陈艾森","C.樊振东","D.Tom Daley","","","G.郑思维","","","","K.安昌林","","","","","","","","F.我不认同角色划分","B.不是",
"346","15-Aug-2021 09:27:49","15-Aug-2021 09:28:24","35","马来西亚","位置未知","","","A.汪顺","B.陈艾森","","","","F.马龙","","","","","","","","","","","","","F.我不认同角色划分","B.不是",
"345","15-Aug-2021 09:13:51","15-Aug-2021 09:14:23","32","马来西亚","位置未知","","","","","C.樊振东","","E.苏炳添","","G.郑思维","","I.吕小军","","K.安昌林","","","","","","","","F.我不认同角色划分","B.不是",
"344","15-Aug-2021 09:01:13","15-Aug-2021 09:01:45","32","马来西亚","位置未知","","","","B.陈艾森","","","","","","H.杨健","","","K.安昌林","","","","","","","","F.我不认同角色划分","B.不是",
"343","15-Aug-2021 08:58:57","15-Aug-2021 09:00:36","99","马来西亚","位置未知","","","","","C.樊振东","","E.苏炳添","","G.郑思维","","I.吕小军","","K.安昌林","","","","","","","","F.我不认同角色划分","B.不是",
"342","15-Aug-2021 08:06:26","15-Aug-2021 08:07:15","49","马来西亚","位置未知","","","","","","","","F.马龙","","","","","","","","","","","","","B.Vers Top","B.不是",
"341","15-Aug-2021 06:33:04","15-Aug-2021 06:33:41","37","马来西亚","位置未知","","","","B.陈艾森","","D.Tom Daley","","F.马龙","G.郑思维","","","","","","","","","P.Micah Christenson","","","C.Vers","B.不是",
"340","15-Aug-2021 05:48:03","15-Aug-2021 05:48:30","27","中国","台湾","","","","B.陈艾森","","","","","","","","","K.安昌林","","","","","","","","A.Top","B.不是",
"339","15-Aug-2021 05:08:00","15-Aug-2021 05:08:22","22","美国","位置未知","","","A.汪顺","","","","","","G.郑思维","","","","","","","","","","","","C.Vers","B.不是",
"338","15-Aug-2021 05:03:22","15-Aug-2021 05:03:33","11","美国","位置未知","","","","B.陈艾森","","","","","","","","","","","","","","","","","C.Vers","B.不是",
"337","15-Aug-2021 04:39:30","15-Aug-2021 04:41:37","127","美国","位置未知","","","A.汪顺","B.陈艾森","","","","F.马龙","","","","","","","","","","P.Micah Christenson","","","A.Top","B.不是",
"336","15-Aug-2021 04:10:07","15-Aug-2021 04:10:36","29","中国","贵州省","","","","","","","","","","","","","K.安昌林","L.谢震业","","","","","Q.邓志伟","","B.Vers Top","B.不是",
"335","15-Aug-2021 02:50:51","15-Aug-2021 02:51:08","17","美国","位置未知","","","","","","","","","","","","","K.安昌林","","","","","","","","B.Vers Top","B.不是",
"334","15-Aug-2021 01:56:03","15-Aug-2021 01:56:23","20","美国","位置未知","","","","","C.樊振东","","","","","","","","","","","","","","Q.邓志伟","","C.Vers","B.不是",
"333","15-Aug-2021 01:32:38","15-Aug-2021 01:33:16","38","中国","广东省","深圳市","","A.汪顺","B.陈艾森","","D.Tom Daley","","F.马龙","","","","","K.安昌林","","","","","","","","D.Vers Bottom","B.不是",
"332","15-Aug-2021 01:11:52","15-Aug-2021 01:12:43","51","美国","位置未知","","","A.汪顺","B.陈艾森","","","","","","","","","","","","N.徐嘉余","","","","","C.Vers","B.不是",
"331","15-Aug-2021 00:37:02","15-Aug-2021 00:37:55","53","美国","位置未知","","","","B.陈艾森","C.樊振东","","","","","","","","K.安昌林","","","","","","","","A.Top","B.不是",
"330","14-Aug-2021 23:50:37","14-Aug-2021 23:51:40","63","马来西亚","位置未知","","","","B.陈艾森","","D.Tom Daley","E.苏炳添","","G.郑思维","H.杨健","","","","","","","","","","","D.Vers Bottom","B.不是",
"329","14-Aug-2021 23:43:10","14-Aug-2021 23:43:51","41","中国","天津市","天津市","","","B.陈艾森","C.樊振东","","","F.马龙","","","","","","","","","","","","","D.Vers Bottom","B.不是",
"328","14-Aug-2021 23:42:40","14-Aug-2021 23:43:09","29","美国","位置未知","","","","","","","","","","","","","K.安昌林","","","","","","","","B.Vers Top","A.是",
"327","14-Aug-2021 23:34:52","14-Aug-2021 23:35:16","24","中国","重庆市","重庆市","","A.汪顺","B.陈艾森","C.樊振东","","","","","","","","","","","","","","","","F.我不认同角色划分","B.不是",
"326","14-Aug-2021 23:34:38","14-Aug-2021 23:35:14","36","美国","位置未知","","","A.汪顺","B.陈艾森","","","","","","","","","","","","","","","","R.盛李豪","C.Vers","B.不是",
"325","14-Aug-2021 23:34:47","14-Aug-2021 23:35:02","15","美国","位置未知","","","","","","","","","","","I.吕小军","","","","","","","","","","A.Top","A.是",
"324","14-Aug-2021 23:32:55","14-Aug-2021 23:33:17","22","美国","位置未知","","","","","","","","","","","","","","","","","O.杨皓然","","","","F.我不认同角色划分","B.不是",
"323","14-Aug-2021 22:39:17","14-Aug-2021 22:39:53","36","加拿大","位置未知","","","A.汪顺","","C.樊振东","","","","G.郑思维","","","","","","","","","P.Micah Christenson","","R.盛李豪","A.Top","B.不是",
"322","14-Aug-2021 22:08:54","14-Aug-2021 22:09:34","40","美国","位置未知","","","","B.陈艾森","","","","","","","","","","","","","","","","","B.Vers Top","A.是",
"321","14-Aug-2021 21:58:24","14-Aug-2021 21:59:05","41","马来西亚","位置未知","","","","","","D.Tom Daley","","","","","","","K.安昌林","","","","","","","","E.Bottom","B.不是",
"320","14-Aug-2021 21:56:39","14-Aug-2021 21:57:21","42","新加坡","位置未知","","","","B.陈艾森","","D.Tom Daley","","","","H.杨健","I.吕小军","","K.安昌林","","","","","","","","A.Top","B.不是",
"319","14-Aug-2021 20:04:40","14-Aug-2021 20:05:17","37","美国","位置未知","","","","B.陈艾森","","","","F.马龙","","","","","","","","","","","","","A.Top","B.不是",
"318","14-Aug-2021 19:38:11","14-Aug-2021 19:44:18","367","马来西亚","位置未知","","","A.汪顺","B.陈艾森","","D.Tom Daley","","F.马龙","","H.杨健","","","","","","","","","","","E.Bottom","B.不是",
"317","14-Aug-2021 19:30:40","14-Aug-2021 19:31:14","34","美国","位置未知","","","","","","D.Tom Daley","","","","","","J.刘浩 /郑鹏飞","","","","","","P.Micah Christenson","","","B.Vers Top","A.是",
"316","14-Aug-2021 18:58:29","14-Aug-2021 18:58:59","30","马来西亚","位置未知","","","A.汪顺","B.陈艾森","","D.Tom Daley","","","","","","","","","","","","P.Micah Christenson","","","E.Bottom","B.不是",
"315","14-Aug-2021 17:44:32","14-Aug-2021 17:45:40","68","马来西亚","位置未知","","","","B.陈艾森","","","","F.马龙","","","","","","","","","","","","","E.Bottom","B.不是",
"314","14-Aug-2021 17:36:33","14-Aug-2021 17:37:04","31","马来西亚","位置未知","","","","B.陈艾森","","","","","G.郑思维","","","","","","","","","P.Micah Christenson","","","E.Bottom","B.不是",
"313","14-Aug-2021 17:10:54","14-Aug-2021 17:11:08","14","中国","广东省","广州市","","","","C.樊振东","","","","","","","","","","","","","","","","F.我不认同角色划分","B.不是",
"312","14-Aug-2021 15:25:54","14-Aug-2021 15:26:08","14","中国","北京市","北京市","","A.汪顺","","","","","F.马龙","","","","","","","","","","","","","A.Top","B.不是",
"311","14-Aug-2021 15:02:53","14-Aug-2021 15:03:09","16","马来西亚","位置未知","","","A.汪顺","B.陈艾森","","","","","","","","","K.安昌林","","","","","","","","E.Bottom","B.不是",
"310","14-Aug-2021 14:52:44","14-Aug-2021 14:53:28","44","中国","浙江省","杭州市","","A.汪顺","B.陈艾森","","","","","G.郑思维","","I.吕小军","","","","","N.徐嘉余","","","","","F.我不认同角色划分","B.不是",
"309","14-Aug-2021 13:44:26","14-Aug-2021 13:44:40","14","美国","位置未知","","","","","","D.Tom Daley","","","","","","","","","","","","","","","C.Vers","B.不是",
"308","14-Aug-2021 13:26:01","14-Aug-2021 13:26:41","40","中国","广东省","东莞市","","A.汪顺","","C.樊振东","","E.苏炳添","","","","","","K.安昌林","","","","","","","","D.Vers Bottom","B.不是",
"307","14-Aug-2021 12:06:34","14-Aug-2021 12:06:53","19","美国","位置未知","","","","","C.樊振东","","","F.马龙","","","","","","","","","","","","","C.Vers","B.不是",
"306","14-Aug-2021 10:32:47","14-Aug-2021 10:33:57","70","加拿大","位置未知","","","","","","","E.苏炳添","F.马龙","","","I.吕小军","J.刘浩 /郑鹏飞","","L.谢震业","","","","","","","E.Bottom","B.不是",
"305","14-Aug-2021 10:14:47","14-Aug-2021 10:15:17","30","中国","北京市","北京市","","A.汪顺","B.陈艾森","","","E.苏炳添","F.马龙","","","","","","","","N.徐嘉余","","","","","B.Vers Top","B.不是",
"304","14-Aug-2021 09:36:03","14-Aug-2021 09:36:32","29","中国","上海市","上海市","","","B.陈艾森","","","","F.马龙","G.郑思维","","","J.刘浩 /郑鹏飞","","","","","O.杨皓然","","","","A.Top","B.不是",
"303","14-Aug-2021 09:05:49","14-Aug-2021 09:06:44","55","中国","江苏省","南京市","","A.汪顺","B.陈艾森","","","","","G.郑思维","","","","","","","","","","","","F.我不认同角色划分","B.不是",
"302","14-Aug-2021 08:39:32","14-Aug-2021 08:43:04","212","中国","上海市","上海市","","","","C.樊振东","","","","","","","","K.安昌林","","","","O.杨皓然","","","","E.Bottom","B.不是",
"301","14-Aug-2021 08:23:49","14-Aug-2021 08:24:12","23","美国","位置未知","","","","","","","","","","","","","K.安昌林","","","","","","","","C.Vers","B.不是",
"300","14-Aug-2021 08:14:54","14-Aug-2021 08:15:22","28","英国","位置未知","","","","","","D.Tom Daley","","","","","","","","","","","","","","","C.Vers","B.不是",
"299","14-Aug-2021 07:39:55","14-Aug-2021 07:40:40","45","美国","位置未知","","","A.汪顺","B.陈艾森","","D.Tom Daley","","","","","","","","","","","","","","","C.Vers","B.不是",
"298","14-Aug-2021 07:22:44","14-Aug-2021 07:23:23","39","美国","位置未知","","","A.汪顺","B.陈艾森","","D.Tom Daley","","","","","","","K.安昌林","","","","","P.Micah Christenson","","","B.Vers Top","B.不是",
"297","14-Aug-2021 06:47:50","14-Aug-2021 06:48:24","34","荷兰","位置未知","","","A.汪顺","B.陈艾森","C.樊振东","","E.苏炳添","","","","","J.刘浩 /郑鹏飞","","","","","","","","","D.Vers Bottom","B.不是",
"296","14-Aug-2021 06:11:52","14-Aug-2021 06:12:45","53","美国","位置未知","","","A.汪顺","","","D.Tom Daley","","","","","I.吕小军","J.刘浩 /郑鹏飞","","","","N.徐嘉余","","","","","C.Vers","B.不是",
"295","14-Aug-2021 05:34:01","14-Aug-2021 05:34:37","36","美国","位置未知","","","","B.陈艾森","","","","","","","","J.刘浩 /郑鹏飞","","","","","","","","","C.Vers","B.不是",
"294","14-Aug-2021 05:23:55","14-Aug-2021 05:24:39","44","美国","位置未知","","","A.汪顺","","","","","","G.郑思维","H.杨健","I.吕小军","","","L.谢震业","","","","","","","D.Vers Bottom","B.不是",
"293","14-Aug-2021 05:14:48","14-Aug-2021 05:16:39","111","美国","位置未知","","","","","","","","","","","","","K.安昌林","","","","","","","","D.Vers Bottom","B.不是",
"292","14-Aug-2021 05:02:39","14-Aug-2021 05:02:57","18","美国","位置未知","","","A.汪顺","B.陈艾森","","D.Tom Daley","","","","","","","K.安昌林","","","","","","","","C.Vers","B.不是",
"291","14-Aug-2021 03:38:49","14-Aug-2021 03:40:42","113","美国","位置未知","","","A.汪顺","B.陈艾森","","","","","","","","","K.安昌林","","","N.徐嘉余","","","","","C.Vers","B.不是",
"290","14-Aug-2021 01:42:54","14-Aug-2021 01:43:20","26","中国","香港","","","A.汪顺","B.陈艾森","C.樊振东","","","","G.郑思维","","","J.刘浩 /郑鹏飞","","","","","","","","","A.Top","B.不是",
"289","14-Aug-2021 01:29:33","14-Aug-2021 01:29:47","14","中国","上海市","上海市","","","B.陈艾森","","","","","","","","","K.安昌林","","","","","","","","D.Vers Bottom","B.不是",
"288","14-Aug-2021 00:29:07","14-Aug-2021 00:29:51","44","美国","位置未知","","","","B.陈艾森","","","","","G.郑思维","","","","K.安昌林","","","","","","","","C.Vers","B.不是",
"287","13-Aug-2021 23:44:17","13-Aug-2021 23:45:04","47","美国","位置未知","","","A.汪顺","","","","E.苏炳添","","","","","J.刘浩 /郑鹏飞","","","","","","","","","A.Top","B.不是",
"286","13-Aug-2021 23:43:48","13-Aug-2021 23:44:14","26","美国","位置未知","","","","","","","","","","","","","K.安昌林","","","","","","","","C.Vers","B.不是",
"285","13-Aug-2021 23:09:34","13-Aug-2021 23:09:53","19","美国","位置未知","","","","B.陈艾森","","D.Tom Daley","","","","","","","K.安昌林","","","","","","","","A.Top","B.不是",
"284","13-Aug-2021 22:28:46","13-Aug-2021 22:29:15","29","美国","位置未知","","","","B.陈艾森","C.樊振东","","","","G.郑思维","","","","","","","","O.杨皓然","","","","A.Top","B.不是",
"283","13-Aug-2021 22:11:18","13-Aug-2021 22:12:06","48","美国","位置未知","","","","","C.樊振东","","","","","H.杨健","","","K.安昌林","","","","","P.Micah Christenson","","","C.Vers","B.不是",
"282","13-Aug-2021 22:06:36","13-Aug-2021 22:06:48","12","中国","上海市","上海市","","","B.陈艾森","","","","F.马龙","","","","","","","","","","","","","C.Vers","B.不是",
"281","13-Aug-2021 21:58:13","13-Aug-2021 21:58:31","18","中国","广东省","","","A.汪顺","","","","","","","","","","","","","","","","","","F.我不认同角色划分","B.不是",
"280","13-Aug-2021 19:22:24","13-Aug-2021 21:46:27","8643","中国","江苏省","镇江市","","","B.陈艾森","","D.Tom Daley","E.苏炳添","","","","","","K.安昌林","","","","","","","","F.我不认同角色划分","B.不是",
"279","13-Aug-2021 21:40:32","13-Aug-2021 21:40:51","19","中国","北京市","北京市","","A.汪顺","","","","","","","","","","K.安昌林","","","","","","","","E.Bottom","B.不是",
"278","13-Aug-2021 21:39:10","13-Aug-2021 21:39:27","17","英国","位置未知","","","A.汪顺","B.陈艾森","","","","","","","","","","","","","","","","","F.我不认同角色划分","B.不是",
"277","13-Aug-2021 21:37:58","13-Aug-2021 21:38:40","42","中国","广东省","","","","","C.樊振东","","","F.马龙","","","","J.刘浩 /郑鹏飞","K.安昌林","","","","","P.Micah Christenson","","","D.Vers Bottom","A.是",
"276","13-Aug-2021 21:25:39","13-Aug-2021 21:26:15","36","中国","北京市","北京市","","A.汪顺","B.陈艾森","","D.Tom Daley","","","","","","","","","","","","","","","C.Vers","B.不是",
"275","13-Aug-2021 20:55:04","13-Aug-2021 20:55:32","28","美国","位置未知","","","","","","","","","","","","","","L.谢震业","","","","","","","D.Vers Bottom","B.不是",
"274","13-Aug-2021 20:51:57","13-Aug-2021 20:52:27","30","中国","山东省","滨州市","","","B.陈艾森","C.樊振东","D.Tom Daley","","","G.郑思维","","","","K.安昌林","","","","","","","","C.Vers","B.不是",
"273","13-Aug-2021 20:30:57","13-Aug-2021 20:31:37","40","中国","四川省","成都市","","","","","","","","G.郑思维","","","","","","","N.徐嘉余","","","","","E.Bottom","B.不是",
"272","13-Aug-2021 19:34:31","13-Aug-2021 19:35:16","45","中国","海南省","海口市","","A.汪顺","","","D.Tom Daley","","F.马龙","","","","","","","","","","","","","A.Top","B.不是",
"271","13-Aug-2021 19:20:09","13-Aug-2021 19:20:35","26","美国","位置未知","","","","","","D.Tom Daley","","","","","","","","","","","","","","","D.Vers Bottom","B.不是",
"270","13-Aug-2021 18:56:51","13-Aug-2021 18:57:54","63","加拿大","位置未知","","","A.汪顺","B.陈艾森","","","E.苏炳添","","G.郑思维","","","","K.安昌林","","","","","","","","E.Bottom","B.不是",
"269","13-Aug-2021 18:57:21","13-Aug-2021 18:57:48","27","中国","广东省","广州市","","A.汪顺","B.陈艾森","","","","","","","","","","","","","O.杨皓然","","","","E.Bottom","B.不是",
"268","13-Aug-2021 18:03:17","13-Aug-2021 18:03:29","12","中国","广东省","广州市","","","","","","","","","","","","","","","","","P.Micah Christenson","","","A.Top","B.不是",
"267","13-Aug-2021 17:39:22","13-Aug-2021 17:39:39","17","中国","安徽省","合肥市","","A.汪顺","","","","E.苏炳添","","","","","J.刘浩 /郑鹏飞","K.安昌林","","","","O.杨皓然","","","","D.Vers Bottom","B.不是",
"266","13-Aug-2021 17:31:12","13-Aug-2021 17:31:33","21","中国","山西省","大同市","","A.汪顺","","","D.Tom Daley","","","","","","","","","","","","","","","C.Vers","B.不是",
"265","13-Aug-2021 17:27:27","13-Aug-2021 17:28:23","56","日本","位置未知","","","A.汪顺","B.陈艾森","","","","F.马龙","","","","J.刘浩 /郑鹏飞","K.安昌林","","","","","","","","D.Vers Bottom","B.不是",
"264","13-Aug-2021 17:26:34","13-Aug-2021 17:27:04","30","中国","江西省","赣州市","","A.汪顺","","C.樊振东","","","","","","","","","","","","","","","","B.Vers Top","B.不是",
"263","13-Aug-2021 17:20:41","13-Aug-2021 17:21:08","27","英国","位置未知","","","A.汪顺","","","","","","","","","","","","","","","","","","C.Vers","B.不是",
"262","13-Aug-2021 17:19:08","13-Aug-2021 17:19:21","13","中国","广东省","","","","","","","","","","","","","K.安昌林","","","","","","","","F.我不认同角色划分","B.不是",
"261","13-Aug-2021 17:00:47","13-Aug-2021 17:02:33","106","中国","陕西省","咸阳市","","A.汪顺","B.陈艾森","","D.Tom Daley","","","G.郑思维","","","","","","","N.徐嘉余","","","","","B.Vers Top","B.不是",
"260","13-Aug-2021 16:58:50","13-Aug-2021 17:00:01","71","中国","天津市","天津市","","","","C.樊振东","","","","","","","","","","","","","","","","E.Bottom","B.不是",
"259","13-Aug-2021 16:58:33","13-Aug-2021 16:58:50","17","中国","四川省","成都市","","A.汪顺","B.陈艾森","C.樊振东","","","F.马龙","","H.杨健","","","","","","","","","","","C.Vers","B.不是",
"258","13-Aug-2021 16:39:17","13-Aug-2021 16:39:36","19","中国","广东省","深圳市","","","B.陈艾森","","","","","","","","","","","","","","P.Micah Christenson","","","F.我不认同角色划分","B.不是",
"257","13-Aug-2021 16:16:06","13-Aug-2021 16:16:28","22","中国","上海市","上海市","","A.汪顺","","","","","","","","I.吕小军","J.刘浩 /郑鹏飞","","","","","","","","","C.Vers","B.不是",
"256","13-Aug-2021 15:45:05","13-Aug-2021 15:45:44","39","美国","位置未知","","","A.汪顺","B.陈艾森","","D.Tom Daley","","F.马龙","","H.杨健","","","","","","","","","","","C.Vers","B.不是",
"255","13-Aug-2021 15:44:12","13-Aug-2021 15:45:04","52","中国","四川省","成都市","","","B.陈艾森","","D.Tom Daley","","F.马龙","","","I.吕小军","","","","M.刘洋","","","","","","E.Bottom","B.不是",
"254","13-Aug-2021 15:41:33","13-Aug-2021 15:42:35","62","美国","位置未知","","","","B.陈艾森","","","","F.马龙","","","I.吕小军","","","","","","","","","","E.Bottom","B.不是",
"253","13-Aug-2021 14:58:18","13-Aug-2021 14:59:00","42","美国","位置未知","","","A.汪顺","","","","","F.马龙","G.郑思维","H.杨健","I.吕小军","","","","","","","","","","C.Vers","B.不是",
"252","13-Aug-2021 14:54:50","13-Aug-2021 14:55:08","18","美国","位置未知","","","","","","","","","","","","J.刘浩 /郑鹏飞","","","","","","","","","F.我不认同角色划分","B.不是",
"251","13-Aug-2021 14:53:04","13-Aug-2021 14:53:30","26","中国","香港特别行政区","香港特别行政区","","A.汪顺","","","","","","","","","","","","","","","","","","C.Vers","B.不是",
"250","13-Aug-2021 14:39:43","13-Aug-2021 14:40:00","17","德国","位置未知","","","","","","","","","","","","","","","","","O.杨皓然","","","","D.Vers Bottom","B.不是",
"249","13-Aug-2021 14:32:30","13-Aug-2021 14:32:47","17","美国","位置未知","","","","","","","","","","","","","K.安昌林","","","","","","","","C.Vers","B.不是",
"248","13-Aug-2021 14:24:11","13-Aug-2021 14:24:36","25","中国","福建省","宁德市","","","","","","E.苏炳添","","","","","","","","","","","","","","E.Bottom","B.不是",
"247","13-Aug-2021 14:19:47","13-Aug-2021 14:22:30","163","中国","广东省","","","","B.陈艾森","","","E.苏炳添","F.马龙","","H.杨健","I.吕小军","","","","","","","","","","F.我不认同角色划分","B.不是",
"246","13-Aug-2021 14:20:28","13-Aug-2021 14:21:00","32","中国","上海市","上海市","","A.汪顺","B.陈艾森","","D.Tom Daley","","F.马龙","","","","","","","","N.徐嘉余","","","","","D.Vers Bottom","A.是",
"245","13-Aug-2021 14:12:01","13-Aug-2021 14:14:45","164","美国","位置未知","","","","B.陈艾森","","","E.苏炳添","","","","I.吕小军","","","L.谢震业","","N.徐嘉余","","","","","F.我不认同角色划分","B.不是",
"244","13-Aug-2021 14:10:22","13-Aug-2021 14:11:02","40","中国","浙江省","温州市","","A.汪顺","","","","","","","","","","","","","","","","","","B.Vers Top","B.不是",
"243","13-Aug-2021 13:54:24","13-Aug-2021 13:54:44","20","中国","广东省","广州市","","","","","","E.苏炳添","","","","","","K.安昌林","","","N.徐嘉余","","","","","F.我不认同角色划分","B.不是",
"242","13-Aug-2021 13:52:43","13-Aug-2021 13:53:21","38","中国","广东省","深圳市","","","","","","E.苏炳添","","","","I.吕小军","J.刘浩 /郑鹏飞","","L.谢震业","","","","","","","B.Vers Top","B.不是",
"241","13-Aug-2021 13:49:05","13-Aug-2021 13:50:12","67","中国","福建省","福州市","","","B.陈艾森","","D.Tom Daley","E.苏炳添","","","","","","","L.谢震业","","N.徐嘉余","","","","","F.我不认同角色划分","B.不是",
"240","13-Aug-2021 13:45:00","13-Aug-2021 13:46:09","69","中国","湖北省","武汉市","","","","","","E.苏炳添","F.马龙","","","","","K.安昌林","","M.刘洋","","","","Q.邓志伟","","D.Vers Bottom","B.不是",
"239","13-Aug-2021 13:45:26","13-Aug-2021 13:46:03","37","美国","位置未知","","","","","C.樊振东","D.Tom Daley","","F.马龙","","","","","K.安昌林","","","","","","","","C.Vers","B.不是",
"238","13-Aug-2021 13:41:19","13-Aug-2021 13:41:34","15","中国","海南省","海口市","","","","C.樊振东","","","","","","","","K.安昌林","","","","","","","","D.Vers Bottom","A.是",
"237","13-Aug-2021 13:39:34","13-Aug-2021 13:40:02","28","美国","位置未知","","","","B.陈艾森","C.樊振东","","","F.马龙","","","","","K.安昌林","","","","","","","","F.我不认同角色划分","B.不是",
"236","13-Aug-2021 13:36:05","13-Aug-2021 13:36:49","44","中国","河南省","郑州市","","","","","D.Tom Daley","E.苏炳添","","","","I.吕小军","","K.安昌林","","","","","","","","B.Vers Top","B.不是",
"235","13-Aug-2021 13:35:49","13-Aug-2021 13:36:37","48","美国","位置未知","","","","B.陈艾森","","D.Tom Daley","","","","H.杨健","I.吕小军","","K.安昌林","","","","","","","","C.Vers","B.不是",
"234","13-Aug-2021 13:34:39","13-Aug-2021 13:35:01","22","中国","北京市","北京市","","","","","","","F.马龙","","","I.吕小军","","K.安昌林","","","","","","","","C.Vers","A.是",
"233","13-Aug-2021 13:32:30","13-Aug-2021 13:33:02","32","中国","湖北省","武汉市","","","","","","","","","","","","","","M.刘洋","","","","","","F.我不认同角色划分","B.不是",
"232","13-Aug-2021 13:24:54","13-Aug-2021 13:25:20","26","美国","位置未知","","","","B.陈艾森","","","","","G.郑思维","","","","","","","","","","","","A.Top","B.不是",
"231","13-Aug-2021 13:22:16","13-Aug-2021 13:22:30","14","美国","位置未知","","","","","C.樊振东","","","","","","","","K.安昌林","","","","","","","","A.Top","B.不是",
"230","13-Aug-2021 13:21:39","13-Aug-2021 13:22:02","23","加拿大","位置未知","","","A.汪顺","","","","","","","","","J.刘浩 /郑鹏飞","","","","","","","","","A.Top","B.不是",
"229","13-Aug-2021 13:15:12","13-Aug-2021 13:15:27","15","中国","北京市","北京市","","","","","","","","","","","","K.安昌林","","","","","","","","A.Top","B.不是",
"228","13-Aug-2021 13:14:37","13-Aug-2021 13:15:03","26","美国","位置未知","","","","B.陈艾森","","D.Tom Daley","","","","","","","","","","","","P.Micah Christenson","","","A.Top","B.不是",
"227","13-Aug-2021 13:11:53","13-Aug-2021 13:12:22","29","中国","四川省","德阳市","","","","","","","F.马龙","","","","J.刘浩 /郑鹏飞","","","","","","","","","D.Vers Bottom","B.不是",
"226","13-Aug-2021 13:09:30","13-Aug-2021 13:10:44","74","中国","上海市","上海市","","","","C.樊振东","D.Tom Daley","","","","","","","K.安昌林","","","N.徐嘉余","","","","R.盛李豪","E.Bottom","A.是",
"225","13-Aug-2021 13:06:20","13-Aug-2021 13:06:57","37","中国","广东省","深圳市","","A.汪顺","B.陈艾森","","","","F.马龙","","","","J.刘浩 /郑鹏飞","","","","","","","","","C.Vers","A.是",
"224","13-Aug-2021 12:53:28","13-Aug-2021 12:53:51","23","美国","位置未知","","","","","","","","","G.郑思维","","","","","L.谢震业","","","","","","","D.Vers Bottom","B.不是",
"223","13-Aug-2021 12:49:41","13-Aug-2021 12:49:55","14","美国","位置未知","","","A.汪顺","B.陈艾森","","D.Tom Daley","","","","","","","","","","","","","","","D.Vers Bottom","B.不是",
"222","13-Aug-2021 12:44:34","13-Aug-2021 12:44:59","25","中国","河南省","开封市","","","B.陈艾森","","D.Tom Daley","","F.马龙","","","","","","","","","O.杨皓然","P.Micah Christenson","","","E.Bottom","B.不是",
"221","13-Aug-2021 12:42:24","13-Aug-2021 12:44:09","105","中国","宁夏回族自治区","银川市","","A.汪顺","B.陈艾森","","","","F.马龙","G.郑思维","","","","","","","","","","","","C.Vers","B.不是",
"220","13-Aug-2021 12:43:31","13-Aug-2021 12:43:55","24","中国","北京市","北京市","","A.汪顺","","C.樊振东","D.Tom Daley","","","","","","","","L.谢震业","","","","","","","E.Bottom","B.不是",
"219","13-Aug-2021 12:42:42","13-Aug-2021 12:43:21","39","美国","位置未知","","","A.汪顺","B.陈艾森","C.樊振东","","","","","","","J.刘浩 /郑鹏飞","K.安昌林","","","","","","","","C.Vers","A.是",
"218","13-Aug-2021 12:35:04","13-Aug-2021 12:35:23","19","中国","北京市","北京市","","","","","","E.苏炳添","","","","","","","","","","","","","","B.Vers Top","B.不是",
"217","13-Aug-2021 12:33:46","13-Aug-2021 12:34:20","34","中国","湖北省","","","","","C.樊振东","","E.苏炳添","","","","","","","","","","O.杨皓然","","","R.盛李豪","C.Vers","A.是",
"216","13-Aug-2021 12:16:17","13-Aug-2021 12:16:37","20","中国","北京市","北京市","","","B.陈艾森","","","","","","","","","","","","","","","","","C.Vers","B.不是",
"215","13-Aug-2021 12:13:53","13-Aug-2021 12:16:02","129","美国","位置未知","","","","","","","","","","","","","","","","","","","Q.邓志伟","","C.Vers","A.是",
"214","13-Aug-2021 12:15:38","13-Aug-2021 12:15:56","18","中国","浙江省","舟山市","","A.汪顺","","","","","F.马龙","","","","","","","","","","","","","C.Vers","B.不是",
"213","13-Aug-2021 12:10:57","13-Aug-2021 12:11:22","25","美国","位置未知","","","","","C.樊振东","","","","","","I.吕小军","","","","","","","","Q.邓志伟","","C.Vers","B.不是",
"212","13-Aug-2021 12:09:38","13-Aug-2021 12:10:35","57","美国","位置未知","","","","","","","","","","H.杨健","","","","","M.刘洋","","","","Q.邓志伟","","C.Vers","A.是",
"211","13-Aug-2021 12:04:28","13-Aug-2021 12:04:50","22","中国","上海市","上海市","","","B.陈艾森","C.樊振东","","","","G.郑思维","H.杨健","","","K.安昌林","","","","","","","","D.Vers Bottom","B.不是",
"210","13-Aug-2021 12:00:12","13-Aug-2021 12:00:40","28","美国","位置未知","","","","B.陈艾森","","D.Tom Daley","","","","","","","","","","","O.杨皓然","P.Micah Christenson","","R.盛李豪","E.Bottom","B.不是",
"209","13-Aug-2021 11:59:17","13-Aug-2021 11:59:51","34","美国","位置未知","","","A.汪顺","B.陈艾森","","D.Tom Daley","","","","","","J.刘浩 /郑鹏飞","","","","","","P.Micah Christenson","","","C.Vers","B.不是",
"208","13-Aug-2021 11:57:14","13-Aug-2021 11:57:34","20","中国","北京市","北京市","","","","","","","","","","","J.刘浩 /郑鹏飞","","","","","","","","","E.Bottom","B.不是",
"207","13-Aug-2021 11:54:42","13-Aug-2021 11:55:11","29","中国","上海市","上海市","","","","C.樊振东","","E.苏炳添","F.马龙","","H.杨健","","","","","","","","","","","F.我不认同角色划分","B.不是",
"206","13-Aug-2021 11:50:56","13-Aug-2021 11:55:02","246","加拿大","位置未知","","","","","","D.Tom Daley","","","G.郑思维","","","","K.安昌林","","","","","P.Micah Christenson","","","D.Vers Bottom","B.不是",
"205","13-Aug-2021 11:49:50","13-Aug-2021 11:50:41","51","加拿大","位置未知","","","A.汪顺","","","","","F.马龙","G.郑思维","H.杨健","","","","","","","","","","","E.Bottom","B.不是",
"204","13-Aug-2021 11:48:03","13-Aug-2021 11:48:58","55","美国","位置未知","","","A.汪顺","B.陈艾森","C.樊振东","","","F.马龙","G.郑思维","","","","","","","","","","","","E.Bottom","B.不是",
"203","13-Aug-2021 11:46:10","13-Aug-2021 11:46:39","29","中国","上海市","上海市","","","B.陈艾森","","D.Tom Daley","","","","","","","K.安昌林","","","","","","","","F.我不认同角色划分","B.不是",
"202","13-Aug-2021 11:45:20","13-Aug-2021 11:45:59","39","中国","上海市","上海市","","A.汪顺","B.陈艾森","","D.Tom Daley","","","","H.杨健","","","","","","","","","","","E.Bottom","B.不是",
"201","13-Aug-2021 11:42:57","13-Aug-2021 11:43:23","26","美国","位置未知","","","A.汪顺","B.陈艾森","","D.Tom Daley","","","","","","J.刘浩 /郑鹏飞","","","","N.徐嘉余","","","","","D.Vers Bottom","B.不是",
"200","13-Aug-2021 11:41:50","13-Aug-2021 11:43:13","83","美国","位置未知","","","","B.陈艾森","","D.Tom Daley","","","","H.杨健","","J.刘浩 /郑鹏飞","K.安昌林","","","","","","","","F.我不认同角色划分","B.不是",
"199","13-Aug-2021 11:38:46","13-Aug-2021 11:39:10","24","中国","北京市","北京市","","A.汪顺","","","","","","","","I.吕小军","J.刘浩 /郑鹏飞","","","","","","","","","B.Vers Top","B.不是",
"198","13-Aug-2021 11:37:30","13-Aug-2021 11:38:03","33","美国","位置未知","","","","B.陈艾森","","","","","G.郑思维","","","","","","","","","","","","E.Bottom","B.不是",
"197","13-Aug-2021 11:36:34","13-Aug-2021 11:37:43","69","加拿大","位置未知","","","A.汪顺","B.陈艾森","","","","F.马龙","G.郑思维","","","J.刘浩 /郑鹏飞","","","","","","","","","B.Vers Top","B.不是",
"196","13-Aug-2021 11:36:10","13-Aug-2021 11:36:35","25","中国","广东省","广州市","","A.汪顺","B.陈艾森","","","","","","","","J.刘浩 /郑鹏飞","K.安昌林","","","","","","","","C.Vers","A.是",
"195","13-Aug-2021 11:34:12","13-Aug-2021 11:34:57","45","中国","河北省","保定市","","A.汪顺","B.陈艾森","C.樊振东","D.Tom Daley","","F.马龙","","","","","","","","","","","","","D.Vers Bottom","B.不是",
"194","13-Aug-2021 11:34:09","13-Aug-2021 11:34:41","32","中国","河北省","石家庄市","","","B.陈艾森","","","E.苏炳添","","","H.杨健","I.吕小军","","","","","","","","Q.邓志伟","","C.Vers","B.不是",
"193","13-Aug-2021 11:32:23","13-Aug-2021 11:33:13","50","中国","北京市","北京市","","A.汪顺","","C.樊振东","D.Tom Daley","E.苏炳添","","","","","","K.安昌林","","","","","","","","C.Vers","B.不是",
"192","13-Aug-2021 11:30:55","13-Aug-2021 11:31:13","18","美国","位置未知","","","A.汪顺","","","","","","","","","J.刘浩 /郑鹏飞","","","","","","","","","D.Vers Bottom","B.不是",
"191","13-Aug-2021 11:30:42","13-Aug-2021 11:31:04","22","中国","天津市","天津市","","","","","D.Tom Daley","","","","","","","K.安昌林","","","","","P.Micah Christenson","","","C.Vers","B.不是",
"190","13-Aug-2021 11:30:02","13-Aug-2021 11:30:29","27","中国","安徽省","芜湖市","","A.汪顺","B.陈艾森","C.樊振东","D.Tom Daley","","F.马龙","","","","","","","","","","","","","F.我不认同角色划分","B.不是",
"189","13-Aug-2021 11:26:36","13-Aug-2021 11:27:38","62","中国","黑龙江省","哈尔滨市","","A.汪顺","","","","","","G.郑思维","","","","K.安昌林","","","","","","","","C.Vers","B.不是",
"188","13-Aug-2021 11:27:07","13-Aug-2021 11:27:38","31","美国","位置未知","","","","","","","","","","","","","","","","","","P.Micah Christenson","","","C.Vers","B.不是",
"187","13-Aug-2021 11:26:28","13-Aug-2021 11:26:50","22","中国","广东省","东莞市","","A.汪顺","B.陈艾森","","","","","","","","","","","","","","","","","C.Vers","B.不是",
"186","13-Aug-2021 11:21:37","13-Aug-2021 11:22:16","39","中国","重庆市","重庆市","","A.汪顺","","","","","","G.郑思维","","","","","","","","","P.Micah Christenson","","","D.Vers Bottom","B.不是",
"185","13-Aug-2021 11:19:27","13-Aug-2021 11:20:03","36","美国","位置未知","","","","","","","","","","","","J.刘浩 /郑鹏飞","K.安昌林","","","","","","","","B.Vers Top","B.不是",
"184","13-Aug-2021 11:18:34","13-Aug-2021 11:19:00","26","美国","位置未知","","","A.汪顺","B.陈艾森","C.樊振东","D.Tom Daley","","","","","","","K.安昌林","","","","","","","","C.Vers","A.是",
"183","13-Aug-2021 11:15:49","13-Aug-2021 11:16:46","57","中国","北京市","北京市","","A.汪顺","","","D.Tom Daley","","F.马龙","","","","","","","","","O.杨皓然","","","R.盛李豪","C.Vers","B.不是",
"182","13-Aug-2021 11:13:06","13-Aug-2021 11:14:00","54","中国","北京市","北京市","","A.汪顺","B.陈艾森","","","E.苏炳添","","","","","J.刘浩 /郑鹏飞","","","","","","","","","F.我不认同角色划分","B.不是",
"181","13-Aug-2021 11:10:34","13-Aug-2021 11:10:54","20","美国","位置未知","","","","","","","","F.马龙","","","","","K.安昌林","","","","","","","","E.Bottom","B.不是",
"180","13-Aug-2021 11:04:41","13-Aug-2021 11:06:55","134","美国","位置未知","","","A.汪顺","B.陈艾森","","","","F.马龙","G.郑思维","","","","","","","N.徐嘉余","","","","","F.我不认同角色划分","B.不是",
"179","13-Aug-2021 11:06:05","13-Aug-2021 11:06:25","20","中国","上海市","上海市","","A.汪顺","","","","","","","","","","","","","","","","","","E.Bottom","B.不是",
"178","13-Aug-2021 11:05:09","13-Aug-2021 11:05:45","36","中国","广东省","东莞市","","A.汪顺","","","","","","","","I.吕小军","J.刘浩 /郑鹏飞","","L.谢震业","","N.徐嘉余","","","","","D.Vers Bottom","B.不是",
"177","13-Aug-2021 11:04:09","13-Aug-2021 11:05:01","52","中国","福建省","漳州市","","A.汪顺","B.陈艾森","","","E.苏炳添","F.马龙","","","","","","","","","","","","","F.我不认同角色划分","B.不是",
"176","13-Aug-2021 11:04:00","13-Aug-2021 11:04:48","48","美国","位置未知","","","","B.陈艾森","","D.Tom Daley","","F.马龙","","","","","K.安昌林","","","N.徐嘉余","","","","","C.Vers","B.不是",
"175","13-Aug-2021 11:02:27","13-Aug-2021 11:03:05","38","美国","位置未知","","","A.汪顺","B.陈艾森","","D.Tom Daley","","","","","","","K.安昌林","","","","","","","","C.Vers","B.不是",
"174","13-Aug-2021 11:00:23","13-Aug-2021 11:02:56","153","中国","上海市","上海市","","","","","","E.苏炳添","","","H.杨健","","J.刘浩 /郑鹏飞","K.安昌林","L.谢震业","","","","","","","D.Vers Bottom","B.不是",
"173","13-Aug-2021 11:02:10","13-Aug-2021 11:02:20","10","中国","北京市","北京市","","","","","","","","","","","","","","","","","","Q.邓志伟","","F.我不认同角色划分","A.是",
"172","13-Aug-2021 11:00:54","13-Aug-2021 11:01:13","19","中国","江苏省","南京市","","","B.陈艾森","","","E.苏炳添","","","","","","","","","","","","","","C.Vers","B.不是",
"171","13-Aug-2021 11:00:42","13-Aug-2021 11:00:58","16","中国","上海市","上海市","","A.汪顺","","C.樊振东","","","","","","","","","L.谢震业","","","","","","","E.Bottom","B.不是",
"170","13-Aug-2021 10:59:20","13-Aug-2021 11:00:52","92","中国","云南省","昆明市","","","B.陈艾森","","","","","","","","","K.安昌林","","","","","","","","C.Vers","B.不是",
"169","13-Aug-2021 11:00:14","13-Aug-2021 11:00:44","30","中国","北京市","北京市","","A.汪顺","B.陈艾森","C.樊振东","","E.苏炳添","","","","I.吕小军","","","","","","","","","","C.Vers","B.不是",
"168","13-Aug-2021 10:51:45","13-Aug-2021 10:59:16","451","美国","位置未知","","","A.汪顺","B.陈艾森","","","E.苏炳添","F.马龙","","","I.吕小军","","","","","","","","","","C.Vers","B.不是",
"167","13-Aug-2021 10:57:27","13-Aug-2021 10:58:01","34","美国","位置未知","","","A.汪顺","B.陈艾森","","","E.苏炳添","","","","","","","","","","","","","","F.我不认同角色划分","B.不是",
"166","13-Aug-2021 10:57:02","13-Aug-2021 10:57:37","35","美国","位置未知","","","","B.陈艾森","C.樊振东","D.Tom Daley","E.苏炳添","F.马龙","","","","","","","","","","","","","E.Bottom","A.是",
"165","13-Aug-2021 10:54:38","13-Aug-2021 10:57:15","157","美国","位置未知","","","","B.陈艾森","","","","F.马龙","G.郑思维","","","","","","","N.徐嘉余","","","","","F.我不认同角色划分","B.不是",
"164","13-Aug-2021 10:54:33","13-Aug-2021 10:55:17","44","中国","广西壮族自治区","南宁市","","A.汪顺","","","","","","","","I.吕小军","J.刘浩 /郑鹏飞","","","","N.徐嘉余","","","","","D.Vers Bottom","B.不是",
"163","13-Aug-2021 10:54:37","13-Aug-2021 10:55:09","32","中国","山东省","滨州市","","A.汪顺","","","","","","","","","J.刘浩 /郑鹏飞","","","","","","","Q.邓志伟","","C.Vers","B.不是",
"162","13-Aug-2021 10:54:13","13-Aug-2021 10:54:30","17","中国","北京市","北京市","","","","","","","","","","","","K.安昌林","","","","","","","","A.Top","B.不是",
"161","13-Aug-2021 10:53:20","13-Aug-2021 10:54:05","45","中国","重庆市","重庆市","","A.汪顺","B.陈艾森","","","","F.马龙","G.郑思维","","","","K.安昌林","","","","","","","","D.Vers Bottom","A.是",
"160","13-Aug-2021 10:52:57","13-Aug-2021 10:53:19","22","美国","位置未知","","","A.汪顺","","","","","","","","","","K.安昌林","","","","","","","","E.Bottom","B.不是",
"159","13-Aug-2021 10:52:53","13-Aug-2021 10:53:13","20","中国","北京市","北京市","","A.汪顺","","","","","","","","","","","","","","","","","","A.Top","A.是",
"158","13-Aug-2021 10:52:15","13-Aug-2021 10:53:00","45","美国","位置未知","","","A.汪顺","","C.樊振东","D.Tom Daley","","","","","","J.刘浩 /郑鹏飞","","","","","","P.Micah Christenson","","","C.Vers","B.不是",
"157","13-Aug-2021 10:51:41","13-Aug-2021 10:52:20","39","中国","湖南省","常德市","","A.汪顺","B.陈艾森","","D.Tom Daley","","","G.郑思维","","","","K.安昌林","","","","","","","","C.Vers","B.不是",
"156","13-Aug-2021 10:51:19","13-Aug-2021 10:52:11","52","美国","位置未知","","","A.汪顺","B.陈艾森","","D.Tom Daley","","","G.郑思维","","I.吕小军","","","","","","","","","","E.Bottom","B.不是",
"155","13-Aug-2021 10:50:49","13-Aug-2021 10:51:27","38","中国","浙江省","宁波市","","","","C.樊振东","","","F.马龙","","","","","K.安昌林","","","","O.杨皓然","","Q.邓志伟","","F.我不认同角色划分","B.不是",
"154","13-Aug-2021 10:48:31","13-Aug-2021 10:48:58","27","美国","位置未知","","","","B.陈艾森","","","","F.马龙","","","","","","","","","","","","","C.Vers","B.不是",
"153","13-Aug-2021 10:47:04","13-Aug-2021 10:47:40","36","新西兰","位置未知","","","","B.陈艾森","","","E.苏炳添","","","","","","","","","","","","","","C.Vers","B.不是",
"152","13-Aug-2021 10:46:54","13-Aug-2021 10:47:18","24","中国","湖北省","武汉市","","A.汪顺","B.陈艾森","","","","F.马龙","","H.杨健","","","K.安昌林","","","","","","","","D.Vers Bottom","B.不是",
"151","13-Aug-2021 10:46:43","13-Aug-2021 10:46:51","8","中国","北京市","北京市","","A.汪顺","","","","","","","","","","","","","","","","","","A.Top","B.不是",
"150","13-Aug-2021 10:40:57","13-Aug-2021 10:41:53","56","加拿大","位置未知","","","","B.陈艾森","C.樊振东","","","","G.郑思维","","","","","","","","","","","","C.Vers","B.不是",
"149","13-Aug-2021 10:40:44","13-Aug-2021 10:40:57","13","中国","陕西省","西安市","","A.汪顺","","","","","","","","","","","","","","","","","","E.Bottom","B.不是",
"148","13-Aug-2021 10:38:47","13-Aug-2021 10:39:32","45","中国","陕西省","西安市","","","","C.樊振东","D.Tom Daley","","F.马龙","G.郑思维","","","","K.安昌林","","","","","","","","A.Top","B.不是",
"147","13-Aug-2021 10:38:08","13-Aug-2021 10:39:19","71","美国","位置未知","","","A.汪顺","B.陈艾森","","","","","","","","","","","","","","","Q.邓志伟","","D.Vers Bottom","B.不是",
"146","13-Aug-2021 10:37:39","13-Aug-2021 10:39:12","93","中国","北京市","北京市","","A.汪顺","","","D.Tom Daley","","","","","I.吕小军","J.刘浩 /郑鹏飞","","","","N.徐嘉余","","","","","D.Vers Bottom","B.不是",
"145","13-Aug-2021 10:38:24","13-Aug-2021 10:38:53","29","中国","山东省","青岛市","","A.汪顺","","C.樊振东","","","","","","","","","","M.刘洋","","","","","","E.Bottom","B.不是",
"144","13-Aug-2021 10:37:55","13-Aug-2021 10:38:50","55","加拿大","位置未知","","","A.汪顺","B.陈艾森","","","","","G.郑思维","H.杨健","","J.刘浩 /郑鹏飞","","","","","","","","","B.Vers Top","B.不是",
"143","13-Aug-2021 10:37:50","13-Aug-2021 10:38:29","39","美国","位置未知","","","","","","","","","","","","","","","","","","","Q.邓志伟","","F.我不认同角色划分","A.是",
"142","13-Aug-2021 10:36:44","13-Aug-2021 10:38:27","103","美国","位置未知","","","A.汪顺","B.陈艾森","","","","F.马龙","G.郑思维","","","","","","","N.徐嘉余","","","","","F.我不认同角色划分","B.不是",
"141","13-Aug-2021 10:38:02","13-Aug-2021 10:38:25","23","加拿大","位置未知","","","","","","","E.苏炳添","","G.郑思维","","","","K.安昌林","","","","","","","","C.Vers","B.不是",
"140","13-Aug-2021 10:36:36","13-Aug-2021 10:37:31","55","美国","位置未知","","","A.汪顺","","C.樊振东","","","","","","","","K.安昌林","","","","","","Q.邓志伟","","A.Top","B.不是",
"139","13-Aug-2021 10:36:32","13-Aug-2021 10:37:02","30","中国","浙江省","杭州市","","A.汪顺","B.陈艾森","C.樊振东","","","","","","","","K.安昌林","","","","","","","","B.Vers Top","B.不是",
"138","13-Aug-2021 10:35:18","13-Aug-2021 10:36:39","81","中国","广东省","阳江市","","","B.陈艾森","","","","F.马龙","G.郑思维","","","","","","","","","","","R.盛李豪","F.我不认同角色划分","B.不是",
"137","13-Aug-2021 10:32:46","13-Aug-2021 10:36:14","208","美国","位置未知","","","A.汪顺","B.陈艾森","","","","F.马龙","G.郑思维","","","","","","","N.徐嘉余","","","","","F.我不认同角色划分","B.不是",
"136","13-Aug-2021 10:35:49","13-Aug-2021 10:35:59","10","中国","北京市","北京市","","","","","","","","","","","","","L.谢震业","","","","","","","D.Vers Bottom","B.不是",
"135","13-Aug-2021 10:35:16","13-Aug-2021 10:35:51","35","美国","位置未知","","","","","","D.Tom Daley","","","","","I.吕小军","J.刘浩 /郑鹏飞","","","","","","","","","B.Vers Top","B.不是",
"134","13-Aug-2021 10:33:03","13-Aug-2021 10:34:12","69","美国","位置未知","","","A.汪顺","B.陈艾森","","","","","","","","","K.安昌林","","","","","","","","B.Vers Top","B.不是",
"133","13-Aug-2021 10:33:23","13-Aug-2021 10:33:45","22","中国","湖北省","武汉市","","","","","","","","","","","","","L.谢震业","","","","","","","B.Vers Top","A.是",
"132","13-Aug-2021 10:32:41","13-Aug-2021 10:33:28","47","中国","北京市","北京市","","","B.陈艾森","","","E.苏炳添","","G.郑思维","","","","K.安昌林","","","","","","","","B.Vers Top","B.不是",
"131","13-Aug-2021 10:32:03","13-Aug-2021 10:32:25","22","中国","北京市","北京市","","","B.陈艾森","","","","","","","","","","","","","O.杨皓然","","","","C.Vers","B.不是",
"130","13-Aug-2021 10:31:41","13-Aug-2021 10:32:07","26","中国","海南省","海口市","","A.汪顺","B.陈艾森","","","","","","","","","K.安昌林","","","N.徐嘉余","O.杨皓然","","","","D.Vers Bottom","B.不是",
"129","13-Aug-2021 10:30:39","13-Aug-2021 10:31:57","78","美国","位置未知","","","","B.陈艾森","","D.Tom Daley","","","","","I.吕小军","","","","M.刘洋","","","","","","E.Bottom","B.不是",
"128","13-Aug-2021 10:30:29","13-Aug-2021 10:31:54","85","美国","位置未知","","","","B.陈艾森","","","","","","H.杨健","I.吕小军","","K.安昌林","L.谢震业","","","","","","","D.Vers Bottom","B.不是",
"127","13-Aug-2021 10:30:12","13-Aug-2021 10:30:35","23","中国","内蒙古自治区","巴彦淖尔市","","A.汪顺","","","","","","","","","","","","","","","","","","B.Vers Top","B.不是",
"126","13-Aug-2021 10:29:46","13-Aug-2021 10:30:31","45","中国","山东省","德州市","","A.汪顺","B.陈艾森","","","","","","","","J.刘浩 /郑鹏飞","","","","N.徐嘉余","O.杨皓然","","","","D.Vers Bottom","B.不是",
"125","13-Aug-2021 10:27:21","13-Aug-2021 10:28:09","48","美国","位置未知","","","","B.陈艾森","","","E.苏炳添","F.马龙","","","","","","","","","","P.Micah Christenson","","","A.Top","B.不是",
"124","13-Aug-2021 10:27:09","13-Aug-2021 10:27:45","36","中国","湖北省","武汉市","","","B.陈艾森","","","","","G.郑思维","","","J.刘浩 /郑鹏飞","","L.谢震业","","N.徐嘉余","","","","","A.Top","B.不是",
"123","13-Aug-2021 10:26:45","13-Aug-2021 10:27:23","38","美国","位置未知","","","","B.陈艾森","","","","","","","","","","","","","","","","","C.Vers","B.不是",
"122","13-Aug-2021 10:25:36","13-Aug-2021 10:26:16","40","中国","上海市","上海市","","A.汪顺","B.陈艾森","","","","","","","","","","","","","","","Q.邓志伟","","D.Vers Bottom","B.不是",
"121","13-Aug-2021 10:24:33","13-Aug-2021 10:25:30","57","中国","上海市","上海市","","","B.陈艾森","C.樊振东","","","","G.郑思维","","","","K.安昌林","","","N.徐嘉余","","","","","B.Vers Top","B.不是",
"120","13-Aug-2021 10:24:58","13-Aug-2021 10:25:23","25","中国","北京市","北京市","","A.汪顺","","","","","","","","I.吕小军","","","","","","O.杨皓然","","","","C.Vers","A.是",
"119","13-Aug-2021 10:24:38","13-Aug-2021 10:25:02","24","中国","四川省","德阳市","","A.汪顺","B.陈艾森","","D.Tom Daley","","","","","","","","","","","","","","","F.我不认同角色划分","B.不是",
"118","13-Aug-2021 10:23:13","13-Aug-2021 10:24:18","65","中国","广东省","","","","","C.樊振东","","","","G.郑思维","","","J.刘浩 /郑鹏飞","K.安昌林","","","N.徐嘉余","","","","","C.Vers","B.不是",
"117","13-Aug-2021 10:23:25","13-Aug-2021 10:24:17","52","美国","位置未知","","","A.汪顺","B.陈艾森","","","E.苏炳添","F.马龙","","","","","K.安昌林","","","","","","","","B.Vers Top","B.不是",
"116","13-Aug-2021 10:23:26","13-Aug-2021 10:23:50","24","美国","位置未知","","","A.汪顺","B.陈艾森","","","","F.马龙","G.郑思维","","","","","","","","","","","","E.Bottom","B.不是",
"115","13-Aug-2021 10:22:17","13-Aug-2021 10:22:47","30","中国","上海市","上海市","","A.汪顺","","C.樊振东","","","F.马龙","","","","","K.安昌林","","","","","","","","D.Vers Bottom","B.不是",
"114","13-Aug-2021 10:20:09","13-Aug-2021 10:21:18","69","中国","湖北省","武汉市","","","B.陈艾森","","","E.苏炳添","F.马龙","","","","","K.安昌林","L.谢震业","","","","","","","B.Vers Top","B.不是",
"113","13-Aug-2021 10:19:11","13-Aug-2021 10:19:53","42","美国","位置未知","","","","","C.樊振东","D.Tom Daley","","F.马龙","","H.杨健","","J.刘浩 /郑鹏飞","","","","","","","","","A.Top","B.不是",
"112","13-Aug-2021 10:18:08","13-Aug-2021 10:18:28","20","中国","四川省","成都市","","A.汪顺","","C.樊振东","","","","","","","","","","","","","","","","C.Vers","B.不是",
"111","13-Aug-2021 10:17:18","13-Aug-2021 10:17:38","20","中国","福建省","泉州市","","A.汪顺","B.陈艾森","","","","","G.郑思维","","","","","","","","","","","","C.Vers","B.不是",
"110","13-Aug-2021 10:14:56","13-Aug-2021 10:15:13","17","中国","湖北省","武汉市","","A.汪顺","B.陈艾森","","","","","","","","J.刘浩 /郑鹏飞","K.安昌林","","","","","","","","C.Vers","B.不是",
"109","13-Aug-2021 10:13:26","13-Aug-2021 10:14:28","62","美国","位置未知","","","","","","","E.苏炳添","","","","I.吕小军","J.刘浩 /郑鹏飞","K.安昌林","","M.刘洋","","","","","","C.Vers","B.不是",
"108","13-Aug-2021 10:12:36","13-Aug-2021 10:13:21","45","加拿大","位置未知","","","","B.陈艾森","C.樊振东","","","F.马龙","G.郑思维","","","","","","","","","P.Micah Christenson","","","E.Bottom","B.不是",
"107","13-Aug-2021 10:11:55","13-Aug-2021 10:12:17","22","中国","浙江省","","","A.汪顺","B.陈艾森","","","","F.马龙","","","","","","","","N.徐嘉余","","P.Micah Christenson","","","E.Bottom","B.不是",
"106","13-Aug-2021 10:11:33","13-Aug-2021 10:11:46","13","美国","位置未知","","","","B.陈艾森","","","","","","","","","","L.谢震业","","","","","","","C.Vers","B.不是",
"105","13-Aug-2021 10:10:30","13-Aug-2021 10:11:05","35","美国","位置未知","","","A.汪顺","B.陈艾森","","","","","","","","J.刘浩 /郑鹏飞","","","","","","","","","D.Vers Bottom","B.不是",
"104","13-Aug-2021 10:09:42","13-Aug-2021 10:10:24","42","美国","位置未知","","","","B.陈艾森","","","","","G.郑思维","","","","","","","N.徐嘉余","","","","R.盛李豪","B.Vers Top","B.不是",
"103","13-Aug-2021 10:09:37","13-Aug-2021 10:10:10","33","中国","上海市","上海市","","A.汪顺","","","","","","G.郑思维","H.杨健","","","","L.谢震业","","N.徐嘉余","","","","","C.Vers","B.不是",
"102","13-Aug-2021 10:09:36","13-Aug-2021 10:10:01","25","美国","位置未知","","","A.汪顺","B.陈艾森","","","","F.马龙","","","","","","","","N.徐嘉余","","P.Micah Christenson","","","A.Top","B.不是",
"101","13-Aug-2021 10:08:32","13-Aug-2021 10:09:34","62","美国","位置未知","","","A.汪顺","B.陈艾森","","","","","","","","J.刘浩 /郑鹏飞","","","","","","","","","D.Vers Bottom","B.不是",
"100","13-Aug-2021 10:08:43","13-Aug-2021 10:09:07","24","美国","位置未知","","","A.汪顺","","","D.Tom Daley","","","","","","","K.安昌林","","","","","","","","A.Top","A.是",
"99","13-Aug-2021 10:07:26","13-Aug-2021 10:08:08","42","中国","浙江省","湖州市","","A.汪顺","","","D.Tom Daley","","","","","","J.刘浩 /郑鹏飞","","","","","","P.Micah Christenson","","","F.我不认同角色划分","B.不是",
"98","13-Aug-2021 10:07:41","13-Aug-2021 10:07:59","18","中国","北京市","北京市","","A.汪顺","B.陈艾森","C.樊振东","","","","","","","","","","","","","","","","E.Bottom","B.不是",
"97","13-Aug-2021 10:05:09","13-Aug-2021 10:07:41","152","美国","位置未知","","","","","","","","","G.郑思维","","","J.刘浩 /郑鹏飞","","","","","","P.Micah Christenson","","","C.Vers","B.不是",
"96","13-Aug-2021 10:05:36","13-Aug-2021 10:06:18","42","中国","重庆市","重庆市","","","","","","E.苏炳添","F.马龙","","","I.吕小军","J.刘浩 /郑鹏飞","","L.谢震业","","","","","","","A.Top","B.不是",
"95","13-Aug-2021 10:05:28","13-Aug-2021 10:05:52","24","中国","上海市","上海市","","","","","","","","","H.杨健","","","","","","","","","","","E.Bottom","B.不是",
"94","13-Aug-2021 10:04:23","13-Aug-2021 10:04:34","11","新加坡","位置未知","","","","","","","","","","","","J.刘浩 /郑鹏飞","","","","","","","","","E.Bottom","B.不是",
"93","13-Aug-2021 10:03:58","13-Aug-2021 10:04:29","31","中国","河北省","石家庄市","","A.汪顺","B.陈艾森","C.樊振东","","","F.马龙","","","","","","","","","","","","","F.我不认同角色划分","B.不是",
"92","13-Aug-2021 10:03:25","13-Aug-2021 10:03:50","25","美国","位置未知","","","","","","","","","","","","","","","","","","","Q.邓志伟","","A.Top","B.不是",
"91","13-Aug-2021 10:02:56","13-Aug-2021 10:03:48","52","中国","湖北省","武汉市","","","","C.樊振东","D.Tom Daley","E.苏炳添","","","","","","","","","","","","","","B.Vers Top","B.不是",
"90","13-Aug-2021 10:01:44","13-Aug-2021 10:02:58","74","美国","位置未知","","","","","","","","F.马龙","","","","","","","","","","","","","C.Vers","B.不是",
"89","13-Aug-2021 10:01:42","13-Aug-2021 10:02:47","65","美国","位置未知","","","A.汪顺","B.陈艾森","","","","","","","","","K.安昌林","","","","","","","","C.Vers","B.不是",
"88","13-Aug-2021 10:01:42","13-Aug-2021 10:02:14","32","美国","位置未知","","","A.汪顺","","","","","F.马龙","","","","","","","","N.徐嘉余","","","","","E.Bottom","B.不是",
"87","13-Aug-2021 10:01:34","13-Aug-2021 10:02:04","30","美国","位置未知","","","","","C.樊振东","","","","G.郑思维","","","","","","","","","","","R.盛李豪","B.Vers Top","B.不是",
"86","13-Aug-2021 10:00:58","13-Aug-2021 10:01:25","27","美国","位置未知","","","A.汪顺","B.陈艾森","","","","","G.郑思维","","","","K.安昌林","","","","","P.Micah Christenson","","","B.Vers Top","B.不是",
"85","13-Aug-2021 10:00:47","13-Aug-2021 10:01:19","32","美国","位置未知","","","A.汪顺","B.陈艾森","","","","F.马龙","G.郑思维","","","J.刘浩 /郑鹏飞","","","","","","","","","D.Vers Bottom","B.不是",
"84","13-Aug-2021 10:00:58","13-Aug-2021 10:01:16","18","美国","位置未知","","","A.汪顺","","","","","","","","","","","","","","","","","","F.我不认同角色划分","B.不是",
"83","13-Aug-2021 10:00:24","13-Aug-2021 10:00:47","23","中国","上海市","上海市","","","","","D.Tom Daley","E.苏炳添","F.马龙","","","I.吕小军","","","","","","","","","","B.Vers Top","A.是",
"82","13-Aug-2021 10:00:03","13-Aug-2021 10:00:28","25","中国","北京市","北京市","","","","C.樊振东","","","F.马龙","","","","","","","","","","","","","E.Bottom","B.不是",
"81","13-Aug-2021 10:00:12","13-Aug-2021 10:00:25","13","新加坡","位置未知","","","A.汪顺","","","","","","","","","","","","","","","","","","C.Vers","B.不是",
"80","13-Aug-2021 09:59:35","13-Aug-2021 10:00:01","26","中国","上海市","上海市","","A.汪顺","","C.樊振东","","E.苏炳添","","","","","","K.安昌林","","","","","","","","F.我不认同角色划分","A.是",
"79","13-Aug-2021 09:59:39","13-Aug-2021 09:59:59","20","美国","位置未知","","","","B.陈艾森","","","","","","","","","","","","","","","","","C.Vers","B.不是",
"78","13-Aug-2021 09:58:44","13-Aug-2021 09:59:29","45","中国","北京市","北京市","","","","","","","","","","","","","","","N.徐嘉余","","P.Micah Christenson","","","A.Top","B.不是",
"77","13-Aug-2021 09:57:49","13-Aug-2021 09:58:34","45","美国","位置未知","","","A.汪顺","","","","","","G.郑思维","H.杨健","","J.刘浩 /郑鹏飞","","","","N.徐嘉余","","","","","F.我不认同角色划分","B.不是",
"76","13-Aug-2021 09:57:21","13-Aug-2021 09:58:01","40","中国","上海市","上海市","","A.汪顺","","","","E.苏炳添","F.马龙","G.郑思维","","","","","","","N.徐嘉余","","","","","F.我不认同角色划分","B.不是",
"75","13-Aug-2021 09:57:27","13-Aug-2021 09:57:53","26","中国","海南省","海口市","","A.汪顺","B.陈艾森","","D.Tom Daley","","","","H.杨健","","","","","","N.徐嘉余","","","","","F.我不认同角色划分","B.不是",
"74","13-Aug-2021 09:56:36","13-Aug-2021 09:56:54","18","中国","上海市","上海市","","","","","D.Tom Daley","","","","","","","","","","N.徐嘉余","","","","","C.Vers","B.不是",
"73","13-Aug-2021 09:55:42","13-Aug-2021 09:56:18","36","中国","湖南省","长沙市","","A.汪顺","B.陈艾森","","D.Tom Daley","","","","","","","","","","","","","","","F.我不认同角色划分","B.不是",
"72","13-Aug-2021 09:54:59","13-Aug-2021 09:55:38","39","中国","河北省","邯郸市","","A.汪顺","","C.樊振东","","","","","","","","","","","","","","","","E.Bottom","B.不是",
"71","13-Aug-2021 09:54:43","13-Aug-2021 09:55:11","28","中国","山东省","德州市","","","B.陈艾森","","D.Tom Daley","","","","","","","","","","","","","","","D.Vers Bottom","B.不是",
"70","13-Aug-2021 09:53:30","13-Aug-2021 09:54:27","57","美国","位置未知","","","","","","D.Tom Daley","","F.马龙","","","","","","","","","","","","","D.Vers Bottom","A.是",
"69","13-Aug-2021 09:53:30","13-Aug-2021 09:53:59","29","中国","安徽省","阜阳市","","A.汪顺","","","","","","","","","","","","","","","","","","F.我不认同角色划分","B.不是",
"68","13-Aug-2021 09:51:56","13-Aug-2021 09:52:21","25","美国","位置未知","","","","B.陈艾森","","","","F.马龙","","","","","","L.谢震业","","","","","","","F.我不认同角色划分","B.不是",
"67","13-Aug-2021 09:51:02","13-Aug-2021 09:52:18","76","加拿大","位置未知","","","A.汪顺","B.陈艾森","","D.Tom Daley","E.苏炳添","","","","","J.刘浩 /郑鹏飞","","","","","","","","","C.Vers","B.不是",
"66","13-Aug-2021 09:51:26","13-Aug-2021 09:52:03","37","中国","上海市","上海市","","A.汪顺","B.陈艾森","","","","F.马龙","","H.杨健","","","","","","","","P.Micah Christenson","","","E.Bottom","B.不是",
"65","13-Aug-2021 09:51:26","13-Aug-2021 09:51:46","20","中国","上海市","上海市","","","B.陈艾森","C.樊振东","","","","G.郑思维","","","","","","","","","","","","D.Vers Bottom","B.不是",
"64","13-Aug-2021 09:50:21","13-Aug-2021 09:51:43","82","中国","广东省","广州市","","A.汪顺","B.陈艾森","","D.Tom Daley","","","G.郑思维","","","","","","","N.徐嘉余","","","","","C.Vers","B.不是",
"63","13-Aug-2021 09:50:47","13-Aug-2021 09:51:20","33","中国","山东省","淄博市","","A.汪顺","","","D.Tom Daley","","","","","","J.刘浩 /郑鹏飞","K.安昌林","","","","","","","","C.Vers","B.不是",
"62","13-Aug-2021 09:48:01","13-Aug-2021 09:49:38","97","加拿大","位置未知","","","A.汪顺","B.陈艾森","","","E.苏炳添","F.马龙","G.郑思维","","","","","","","","","","","","A.Top","B.不是",
"61","13-Aug-2021 09:49:12","13-Aug-2021 09:49:35","23","美国","位置未知","","","","","","","","","","","","","","","","","","","Q.邓志伟","","D.Vers Bottom","B.不是",
"60","13-Aug-2021 09:48:47","13-Aug-2021 09:49:18","31","美国","位置未知","","","A.汪顺","B.陈艾森","","","","F.马龙","","","","","","","","","","","","","A.Top","B.不是",
"59","13-Aug-2021 09:48:02","13-Aug-2021 09:48:50","48","美国","位置未知","","","","B.陈艾森","","","E.苏炳添","","","","","","","","","N.徐嘉余","O.杨皓然","","","R.盛李豪","E.Bottom","B.不是",
"58","13-Aug-2021 09:48:19","13-Aug-2021 09:48:44","25","加拿大","位置未知","","","","B.陈艾森","","","","","","","","","","","","","","","","","B.Vers Top","B.不是",
"57","13-Aug-2021 09:47:13","13-Aug-2021 09:47:52","39","中国","陕西省","西安市","","A.汪顺","","","","","F.马龙","","","","","K.安昌林","","","","","P.Micah Christenson","","","F.我不认同角色划分","B.不是",
"56","13-Aug-2021 09:46:59","13-Aug-2021 09:47:27","28","中国","四川省","德阳市","","A.汪顺","B.陈艾森","C.樊振东","D.Tom Daley","","","","","","","K.安昌林","","","","","","","","F.我不认同角色划分","B.不是",
"55","13-Aug-2021 09:46:55","13-Aug-2021 09:47:11","16","中国","陕西省","西安市","","A.汪顺","B.陈艾森","","","","F.马龙","","","","","","","","","","","","","F.我不认同角色划分","B.不是",
"54","13-Aug-2021 09:46:30","13-Aug-2021 09:47:06","36","中国","广东省","","","A.汪顺","B.陈艾森","C.樊振东","D.Tom Daley","E.苏炳添","","","","","","","","","","","","","","D.Vers Bottom","B.不是",
"53","13-Aug-2021 09:45:58","13-Aug-2021 09:46:49","51","中国","上海市","上海市","","A.汪顺","B.陈艾森","","","","","","","","J.刘浩 /郑鹏飞","","","","N.徐嘉余","","","","","F.我不认同角色划分","B.不是",
"52","13-Aug-2021 09:45:31","13-Aug-2021 09:46:27","56","美国","位置未知","","","A.汪顺","B.陈艾森","","","","F.马龙","","","","J.刘浩 /郑鹏飞","K.安昌林","","","","","","","","F.我不认同角色划分","B.不是",
"51","13-Aug-2021 09:46:10","13-Aug-2021 09:46:25","15","美国","位置未知","","","","","","","","","","","","J.刘浩 /郑鹏飞","","","","","","","","","A.Top","B.不是",
"50","13-Aug-2021 09:45:35","13-Aug-2021 09:45:59","24","美国","位置未知","","","","B.陈艾森","C.樊振东","","","","","","","","K.安昌林","","","","","","","","C.Vers","B.不是",
"49","13-Aug-2021 09:43:58","13-Aug-2021 09:45:15","77","美国","位置未知","","","","","","","","","","","","","K.安昌林","","","","","","","","B.Vers Top","A.是",
"48","13-Aug-2021 09:44:02","13-Aug-2021 09:44:46","44","美国","位置未知","","","","B.陈艾森","","D.Tom Daley","","F.马龙","","","","","K.安昌林","","","N.徐嘉余","","","","","D.Vers Bottom","B.不是",
"47","13-Aug-2021 09:44:08","13-Aug-2021 09:44:43","35","美国","位置未知","","","","B.陈艾森","C.樊振东","","","","","","","","","","","","","","","","E.Bottom","B.不是",
"46","13-Aug-2021 09:44:22","13-Aug-2021 09:44:40","18","中国","北京市","北京市","","A.汪顺","","","","E.苏炳添","","","","I.吕小军","","","","","","","","","","A.Top","B.不是",
"45","13-Aug-2021 09:44:07","13-Aug-2021 09:44:21","14","中国","广东省","广州市","","A.汪顺","","","","","","","","","","K.安昌林","","","","","","","","C.Vers","B.不是",
"44","13-Aug-2021 09:43:56","13-Aug-2021 09:44:18","22","美国","位置未知","","","","","","","","F.马龙","","","","","","","","","","","","","C.Vers","B.不是",
"43","13-Aug-2021 09:43:19","13-Aug-2021 09:43:44","25","美国","位置未知","","","A.汪顺","","","","","F.马龙","G.郑思维","","","","","","","","","","","","F.我不认同角色划分","B.不是",
"42","13-Aug-2021 09:42:50","13-Aug-2021 09:43:03","13","中国","安徽省","淮南市","","","","","D.Tom Daley","","","","","","","","","","","","","","","E.Bottom","B.不是",
"41","13-Aug-2021 09:41:11","13-Aug-2021 09:41:42","31","中国","上海市","上海市","","","","","","","","","","I.吕小军","J.刘浩 /郑鹏飞","","L.谢震业","","","","","","","D.Vers Bottom","B.不是",
"40","13-Aug-2021 09:41:06","13-Aug-2021 09:41:33","27","中国","四川省","成都市","","A.汪顺","B.陈艾森","","D.Tom Daley","","","","","","","","","","","","","","","B.Vers Top","A.是",
"39","13-Aug-2021 09:40:49","13-Aug-2021 09:41:21","32","中国","上海市","上海市","","","B.陈艾森","","","","","","","","J.刘浩 /郑鹏飞","","","","N.徐嘉余","","","","","B.Vers Top","B.不是",
"38","13-Aug-2021 09:40:16","13-Aug-2021 09:41:17","61","中国","河南省","南阳市","","","B.陈艾森","C.樊振东","","","","","","","","K.安昌林","","","","O.杨皓然","","","","E.Bottom","B.不是",
"37","13-Aug-2021 09:40:14","13-Aug-2021 09:40:37","23","中国","湖南省","张家界市","","","","","","","F.马龙","G.郑思维","","","","","","","","","","","","C.Vers","B.不是",
"36","13-Aug-2021 09:39:50","13-Aug-2021 09:40:23","33","中国","上海市","上海市","","A.汪顺","B.陈艾森","C.樊振东","D.Tom Daley","","","","","","","K.安昌林","","","","","","","","B.Vers Top","B.不是",
"35","13-Aug-2021 09:39:42","13-Aug-2021 09:40:03","21","美国","位置未知","","","","B.陈艾森","","","","","G.郑思维","","","","","","","","","","","","B.Vers Top","B.不是",
"34","13-Aug-2021 09:39:38","13-Aug-2021 09:40:00","22","中国","广东省","汕头市","","A.汪顺","B.陈艾森","","","","F.马龙","G.郑思维","","","","","L.谢震业","","","","","","","D.Vers Bottom","B.不是",
"33","13-Aug-2021 09:39:00","13-Aug-2021 09:39:29","29","美国","位置未知","","","","B.陈艾森","","","","","G.郑思维","","","","","","","N.徐嘉余","","","","","D.Vers Bottom","B.不是",
"32","13-Aug-2021 09:39:07","13-Aug-2021 09:39:22","15","中国","山东省","","","","","C.樊振东","","","","","","","","","","","","","","","","C.Vers","B.不是",
"31","13-Aug-2021 09:38:22","13-Aug-2021 09:39:15","53","中国","陕西省","西安市","","","","","","","F.马龙","","","","","","","","","","","","","F.我不认同角色划分","B.不是",
"30","13-Aug-2021 09:37:31","13-Aug-2021 09:38:56","85","美国","位置未知","","","A.汪顺","B.陈艾森","C.樊振东","","","F.马龙","","","","","K.安昌林","","","","","","","","D.Vers Bottom","B.不是",
"29","13-Aug-2021 09:37:57","13-Aug-2021 09:38:19","22","中国","上海市","上海市","","A.汪顺","","","","","","","","","","K.安昌林","","","N.徐嘉余","","","","","C.Vers","B.不是",
"28","13-Aug-2021 09:37:24","13-Aug-2021 09:37:46","22","美国","位置未知","","","A.汪顺","B.陈艾森","","","","","","","","","","","","","","","","","E.Bottom","B.不是",
"27","13-Aug-2021 09:36:55","13-Aug-2021 09:37:44","49","中国","浙江省","温州市","","A.汪顺","","C.樊振东","","","","","","","","K.安昌林","","","","","P.Micah Christenson","","","E.Bottom","B.不是",
"26","13-Aug-2021 09:36:48","13-Aug-2021 09:37:32","44","美国","位置未知","","","","B.陈艾森","","","","F.马龙","G.郑思维","","","","K.安昌林","","","","","","","","A.Top","B.不是",
"25","13-Aug-2021 09:37:03","13-Aug-2021 09:37:25","22","中国","广东省","广州市","","A.汪顺","B.陈艾森","C.樊振东","","","","","","","","","","","","","","","","D.Vers Bottom","B.不是",
"24","13-Aug-2021 09:36:21","13-Aug-2021 09:37:24","63","美国","位置未知","","","A.汪顺","","C.樊振东","","","F.马龙","","","","","K.安昌林","","","","","","","","F.我不认同角色划分","B.不是",
"23","13-Aug-2021 09:36:29","13-Aug-2021 09:37:06","37","中国","四川省","成都市","","A.汪顺","","","","E.苏炳添","","","","","J.刘浩 /郑鹏飞","","","","","","","","","E.Bottom","B.不是",
"22","13-Aug-2021 09:33:53","13-Aug-2021 09:36:32","159","中国","北京市","北京市","","","","","","","F.马龙","","","","","","","","","","","","","D.Vers Bottom","B.不是",
"21","13-Aug-2021 09:35:14","13-Aug-2021 09:36:31","77","澳大利亚","位置未知","","","","B.陈艾森","","","","","","","","","","","","","","","","","B.Vers Top","B.不是",
"20","13-Aug-2021 09:35:58","13-Aug-2021 09:36:13","15","美国","位置未知","","","","","","","","","","","","","K.安昌林","","","","","","","","E.Bottom","B.不是",
"19","13-Aug-2021 09:35:23","13-Aug-2021 09:36:02","39","美国","位置未知","","","","","","","","","","","","J.刘浩 /郑鹏飞","","","","","","","","","C.Vers","B.不是",
"18","13-Aug-2021 09:35:13","13-Aug-2021 09:35:53","40","加拿大","位置未知","","","A.汪顺","","","D.Tom Daley","","F.马龙","","","","","K.安昌林","","","","","","","","D.Vers Bottom","B.不是",
"17","13-Aug-2021 09:34:54","13-Aug-2021 09:35:30","36","中国","四川省","成都市","","A.汪顺","","","","E.苏炳添","","","","","","","","","","","","","","D.Vers Bottom","B.不是",
"16","13-Aug-2021 09:34:19","13-Aug-2021 09:35:24","65","中国","辽宁省","大连市","","A.汪顺","B.陈艾森","","","","F.马龙","","","I.吕小军","","","L.谢震业","","","","","","","E.Bottom","B.不是",
"15","13-Aug-2021 09:34:36","13-Aug-2021 09:34:57","21","中国","广东省","广州市","","","","","","","","","","","","K.安昌林","","","","","","","","A.Top","A.是",
"14","13-Aug-2021 09:34:21","13-Aug-2021 09:34:37","16","美国","位置未知","","","","","","","","","","","","","K.安昌林","","","","","","","","C.Vers","B.不是",
"13","13-Aug-2021 09:34:02","13-Aug-2021 09:34:29","27","美国","位置未知","","","","","C.樊振东","","","","","","","","K.安昌林","","","","","","","","A.Top","B.不是",
"12","13-Aug-2021 09:33:29","13-Aug-2021 09:34:27","58","中国","上海市","上海市","","","B.陈艾森","","D.Tom Daley","E.苏炳添","F.马龙","","","","","","","","","","","","","B.Vers Top","B.不是",
"11","13-Aug-2021 09:33:45","13-Aug-2021 09:34:11","26","美国","位置未知","","","","","","","","","","","","","K.安昌林","","","","","","Q.邓志伟","","E.Bottom","B.不是",
"10","13-Aug-2021 09:33:40","13-Aug-2021 09:34:07","27","中国","安徽省","淮北市","","A.汪顺","","C.樊振东","D.Tom Daley","E.苏炳添","F.马龙","","","","","","","","","","","","","A.Top","B.不是",
"9","13-Aug-2021 09:33:40","13-Aug-2021 09:33:52","12","美国","位置未知","","","","","","","","F.马龙","","","","","","","","","","","","","B.Vers Top","B.不是",
"8","13-Aug-2021 09:33:28","13-Aug-2021 09:33:43","15","中国","河北省","张家口市","","A.汪顺","","","D.Tom Daley","","","","","","","","","","","","P.Micah Christenson","","","B.Vers Top","B.不是",
"7","13-Aug-2021 09:33:28","13-Aug-2021 09:33:42","14","中国","北京市","北京市","","","","","","","F.马龙","","","","","","","","","","","","","A.Top","B.不是",
"6","13-Aug-2021 09:32:57","13-Aug-2021 09:33:18","21","中国","广东省","惠州市","","A.汪顺","B.陈艾森","","","E.苏炳添","","","","","","","","","","","","","","C.Vers","B.不是",
"5","13-Aug-2021 09:32:49","13-Aug-2021 09:33:03","14","中国","广东省","广州市","","A.汪顺","","","","","","","","","","","","","","","","","","B.Vers Top","B.不是",
"4","13-Aug-2021 09:32:13","13-Aug-2021 09:32:42","29","中国","甘肃省","兰州市","","A.汪顺","B.陈艾森","C.樊振东","","","","G.郑思维","","","","","","M.刘洋","","","","","","C.Vers","B.不是",
"3","13-Aug-2021 09:31:56","13-Aug-2021 09:32:20","24","中国","湖南省","衡阳市","","","","","D.Tom Daley","","","","","","","K.安昌林","","","","","","","","D.Vers Bottom","A.是",
"2","13-Aug-2021 09:31:24","13-Aug-2021 09:32:15","51","美国","位置未知","","","A.汪顺","","","","","F.马龙","G.郑思维","","","","K.安昌林","","","N.徐嘉余","","","","","D.Vers Bottom","B.不是",
"1","13-Aug-2021 09:01:41","13-Aug-2021 09:02:56","75","加拿大","位置未知","","","A.汪顺","","","","E.苏炳添","","G.郑思维","","","J.刘浩 /郑鹏飞","","","","","","P.Micah Christenson","","","E.Bottom","B.不是",
